{
  "base": {
    "0.5": {
      "recall_at_k": {
        "1": 1.0,
        "3": 1.0,
        "5": 1.0
      },
      "precision_at_k": {
        "1": 1.0,
        "3": 1.0,
        "5": 1.0
      },
      "mrr_at_k": {
        "1": 1.0,
        "3": 1.0,
        "5": 1.0
      },
      "f1_at_k": {
        "1": 1.0,
        "3": 1.0,
        "5": 1.0
      },
      "avg_top1_similarity": 0.9290882022206419
    },
    "0.6": {
      "recall_at_k": {
        "1": 1.0,
        "3": 1.0,
        "5": 1.0
      },
      "precision_at_k": {
        "1": 1.0,
        "3": 1.0,
        "5": 1.0
      },
      "mrr_at_k": {
        "1": 1.0,
        "3": 1.0,
        "5": 1.0
      },
      "f1_at_k": {
        "1": 1.0,
        "3": 1.0,
        "5": 1.0
      },
      "avg_top1_similarity": 0.9290882022206419
    },
    "0.7": {
      "recall_at_k": {
        "1": 1.0,
        "3": 1.0,
        "5": 1.0
      },
      "precision_at_k": {
        "1": 1.0,
        "3": 1.0,
        "5": 1.0
      },
      "mrr_at_k": {
        "1": 1.0,
        "3": 1.0,
        "5": 1.0
      },
      "f1_at_k": {
        "1": 1.0,
        "3": 1.0,
        "5": 1.0
      },
      "avg_top1_similarity": 0.9290882022206419
    },
    "0.8": {
      "recall_at_k": {
        "1": 1.0,
        "3": 1.0,
        "5": 1.0
      },
      "precision_at_k": {
        "1": 1.0,
        "3": 1.0,
        "5": 1.0
      },
      "mrr_at_k": {
        "1": 1.0,
        "3": 1.0,
        "5": 1.0
      },
      "f1_at_k": {
        "1": 1.0,
        "3": 1.0,
        "5": 1.0
      },
      "avg_top1_similarity": 0.9290882022206419
    },
    "0.9": {
      "recall_at_k": {
        "1": 0.9081124177795495,
        "3": 0.9081124177795495,
        "5": 0.9081124177795495
      },
      "precision_at_k": {
        "1": 0.9081124177795495,
        "3": 0.9081124177795495,
        "5": 0.9081124177795495
      },
      "mrr_at_k": {
        "1": 0.9081124177795495,
        "3": 0.9081124177795495,
        "5": 0.9081124177795495
      },
      "f1_at_k": {
        "1": 0.9081124177795495,
        "3": 0.9081124177795495,
        "5": 0.9081124177795495
      },
      "avg_top1_similarity": 0.9333437364011032
    }
  },
  "d3_version": {
    "0.5": {
      "recall_at_k": {
        "1": 1.0,
        "3": 1.0,
        "5": 1.0
      },
      "precision_at_k": {
        "1": 1.0,
        "3": 1.0,
        "5": 1.0
      },
      "mrr_at_k": {
        "1": 1.0,
        "3": 1.0,
        "5": 1.0
      },
      "f1_at_k": {
        "1": 1.0,
        "3": 1.0,
        "5": 1.0
      },
      "avg_top1_similarity": 0.9362253154267802
    },
    "0.6": {
      "recall_at_k": {
        "1": 1.0,
        "3": 1.0,
        "5": 1.0
      },
      "precision_at_k": {
        "1": 1.0,
        "3": 1.0,
        "5": 1.0
      },
      "mrr_at_k": {
        "1": 1.0,
        "3": 1.0,
        "5": 1.0
      },
      "f1_at_k": {
        "1": 1.0,
        "3": 1.0,
        "5": 1.0
      },
      "avg_top1_similarity": 0.9362253154267802
    },
    "0.7": {
      "recall_at_k": {
        "1": 1.0,
        "3": 1.0,
        "5": 1.0
      },
      "precision_at_k": {
        "1": 1.0,
        "3": 1.0,
        "5": 1.0
      },
      "mrr_at_k": {
        "1": 1.0,
        "3": 1.0,
        "5": 1.0
      },
      "f1_at_k": {
        "1": 1.0,
        "3": 1.0,
        "5": 1.0
      },
      "avg_top1_similarity": 0.9362253154267802
    },
    "0.8": {
      "recall_at_k": {
        "1": 1.0,
        "3": 1.0,
        "5": 1.0
      },
      "precision_at_k": {
        "1": 1.0,
        "3": 1.0,
        "5": 1.0
      },
      "mrr_at_k": {
        "1": 1.0,
        "3": 1.0,
        "5": 1.0
      },
      "f1_at_k": {
        "1": 1.0,
        "3": 1.0,
        "5": 1.0
      },
      "avg_top1_similarity": 0.9362253154267802
    },
    "0.9": {
      "recall_at_k": {
        "1": 0.9457843332668926,
        "3": 0.9457843332668926,
        "5": 0.9457843332668926
      },
      "precision_at_k": {
        "1": 0.9457843332668926,
        "3": 0.9457843332668926,
        "5": 0.9457843332668926
      },
      "mrr_at_k": {
        "1": 0.9457843332668926,
        "3": 0.9457843332668926,
        "5": 0.9457843332668926
      },
      "f1_at_k": {
        "1": 0.9457843332668926,
        "3": 0.9457843332668926,
        "5": 0.9457843332668926
      },
      "avg_top1_similarity": 0.939058726161739
    }
  }
}